{"\u4e92\u65a5\u4e8b\u4ef6\u4e0e\u52a0\u6cd5\u516c\u5f0f": 0.053050397878, "\u4e09\u89d2\u51fd\u6570": 0.0663129973475, "\u5706": 1.96286472149, "\u79ef\u5206": 0.716180371353, "\u7ed3\u6784\u56fe\u3001\u6d41\u7a0b\u56fe": 0.729442970823, "\u5747\u503c\u5b9a\u7406\u7684\u5e94\u7528": 0.198938992042, "\u6781\u9650": 0.0663129973475, "\u6570\u91cf\u79ef\u53ca\u5176\u5e94\u7528": 0.0663129973475, "\u5229\u7528\u5bfc\u6570\u7814\u7a76\u51fd\u6570\u7684\u5355\u8c03\u6027": 2.66578249337, "\u7ec4\u5408\u4e0e\u7ec4\u5408\u7684\u8fd0\u7528": 0.26525198939, "\u5168\u79f0\u91cf\u8bcd\u4e0e\u5b58\u5728\u6027\u91cf\u8bcd": 0.0663129973475, "\u6570\u5217\u7684\u6982\u5ff5\u4e0e\u901a\u9879\u516c\u5f0f": 0.623342175067, "\u4e00\u5143\u4e8c\u6b21\u4e0d\u7b49\u5f0f": 0.145888594164, "\u53c2\u6570\u65b9\u7a0b": 0.477453580902, "\u5229\u7528\u5bfc\u6570\u6c42\u6700\u503c\u548c\u6781\u503c": 0.716180371353, "\u5229\u7528\u5bfc\u6570\u8bc1\u660e\u4e0d\u7b49\u5f0f": 0.397877984085, "\u7ebf\u6027\u8fd0\u7b97": 0.464190981432, "\u590d\u6570\u7efc\u5408\u8fd0\u7b97": 1.40583554377, "\u76f8\u4f3c\u4e09\u89d2\u5f62": 0.61007957559, "\u692d\u5706": 2.13527851459, "\u6307\u6570\u4e0d\u7b49\u5f0f": 0.0663129973475, "\u590d\u6570\u4e58\u9664\u548c\u4e58\u65b9": 0.994694960213, "\u6307\u6570\u4e0e\u6307\u6570\u51fd\u6570": 0.0928381962865, "\u7acb\u4f53\u51e0\u4f55\u7efc\u5408": 4.08488063661, "\u5012\u5e8f\u76f8\u52a0\uff0c\u9519\u4f4d\u76f8\u51cf\uff0c\u88c2\u9879\u62b5\u6d88\u6c42\u548c": 0.503978779841, "\u6570\u5217\u7684\u6c42\u548c": 0.291777188329, "\u6b63\u5f26\u5b9a\u7406": 0.835543766579, "\u6570\u5217\u6781\u9650": 0.0663129973475, "\u5e73\u9762\u5411\u91cf\u7684\u51e0\u4f55\u8fd0\u7b97": 0.132625994695, "\u6392\u5217\u7ec4\u5408\u7efc\u5408\u5e94\u7528": 0.26525198939, "\u6982\u7387\u7efc\u5408": 2.86472148541, "\u51e0\u4f55\u9009\u8bb2": 0.79575596817, "\u67f1\uff0c\u9525\uff0c\u53f0\uff0c\u7403\u7684\u7ed3\u6784\u7279\u5f81": 0.490716180372, "\u96c6\u5408\u7684\u8fd0\u7b97": 2.24137931035, "\u9891\u7387\u5206\u5e03\u8868\u4e0e\u76f4\u65b9\u56fe": 0.384615384615, "\u5468\u671f\u6027\u548c\u5bf9\u79f0\u6027": 0.0663129973475, "\u5e42\u51fd\u6570": 0.026525198939, "\u4e0d\u7b49\u5f0f": 0.026525198939, "\u7edf\u8ba1\u6848\u4f8b": 0.119363395226, "\u70b9\u7ebf\u9762\u7684\u4f4d\u7f6e\u5173\u7cfb\u7684\u5224\u5b9a": 0.0663129973475, "\u51fd\u6570\u7684\u5355\u8c03\u6027\u4e0e\u6700\u503c": 0.822281167109, "\u590d\u6570\u6982\u5ff5\u548c\u5411\u91cf\u8868\u793a": 0.053050397878, "\u7b49\u5dee\u6570\u5217": 1.51193633952, "\u5747\u503c\u5b9a\u7406": 0.941644562335, "\u5706\u7684\u6807\u51c6\u65b9\u7a0b\u4e0e\u4e00\u822c\u65b9\u7a0b": 0.291777188329, "\u7b80\u5355\u7684\u903b\u8f91\u8054\u7ed3\u8bcd": 0.225464190982, "\u4e09\u89d2\u6052\u7b49\u53d8\u6362": 0.145888594165, "\u57fa\u672c\u4e0d\u7b49\u5f0f": 0.0663129973475, "\u4e8c\u5143\u4e00\u6b21\u4e0d\u7b49\u5f0f\u3010\u7ec4\u3011\u8868\u793a\u7684\u5e73\u9762\u533a\u57df": 0.026525198939, "\u5145\u5206\u6761\u4ef6\u4e0e\u5fc5\u8981\u6761\u4ef6": 1.76392572944, "\u5bfc\u6570\u7684\u6982\u5ff5\u548c\u51e0\u4f55\u610f\u4e49": 0.915119363396, "\u62bd\u6837": 0.397877984085, "\u52a0\u6cd5\u8ba1\u6570\u539f\u7406": 0.026525198939, "\u7b80\u5355\u66f2\u7ebf\u7684\u6781\u5750\u6807\u65b9\u7a0b": 0.503978779841, "\u6570\u5217\u7efc\u5408\u5e94\u7528": 2.83819628647, "\u6392\u5217\u4e0e\u6392\u5217\u7684\u8fd0\u7528": 0.464190981432, "\u51fd\u6570\u7684\u5b9a\u4e49\u57df\u4e0e\u503c\u57df": 0.251989389921, "\u5706\u9525\u66f2\u7ebf\u7efc\u5408": 6.19363395226, "\u5206\u6bb5\u51fd\u6570\uff0c\u62bd\u8c61\u51fd\u6570\u4e0e\u590d\u5408\u51fd\u6570": 0.954907161804, "\u629b\u7269\u7ebf": 0.928381962865, "\u540c\u89d2\u4e09\u89d2\u51fd\u6570\u7684\u57fa\u672c\u5173\u7cfb\u5f0f": 0.119363395226, "\u51fd\u6570\u56fe\u8c61": 0.464190981432, "\u830e\u53f6\u56fe": 0.132625994695, "\u4e09\u89d2\u51fd\u6570\u56fe\u50cf\u53d8\u6362": 0.623342175067, "\u5782\u76f4": 1.59151193634, "\u53e4\u5178\u6982\u578b": 0.517241379311, "\u6781\u5750\u6807\u65b9\u7a0b": 0.623342175067, "\u6570\u91cf\u79ef\u7684\u5e94\u7528": 0.835543766579, "\u7b97\u6cd5\u548c\u7a0b\u5e8f\u6846\u56fe": 1.35278514589, "\u5e73\u884c": 0.809018567639, "\u5e73\u9762\u6cd5\u5411\u91cf\u7684\u6c42\u6cd5": 0.053050397878, "\u516c\u5f0f\u6cd5\uff0c\u5206\u7ec4\u6c42\u548c": 0.212201591512, "\u4f59\u5f26\u5b9a\u7406": 0.729442970822, "\u4e8c\u9879\u5f0f\u5b9a\u7406\u4e0e\u6027\u8d28": 1.65782493369, "\u5706\u4e0e\u5706\u7684\u4f4d\u7f6e\u5173\u7cfb": 0.0663129973475, "\u6781\u5750\u6807\u7cfb": 0.0663129973475, "\u4e09\u89d2\u51fd\u6570\u7684\u56fe\u50cf\u4e0e\u6027\u8d28": 2.38726790451, "\u96f6\u70b9\u4e0e\u65b9\u7a0b": 0.557029177719, "\u76f4\u63a5\u8bc1\u660e\u4e0e\u95f4\u63a5\u8bc1\u660e": 0.159151193634, "\u96c6\u5408\u7684\u6982\u5ff5": 0.159151193634, "\u51fd\u6570\u6a21\u578b\u53ca\u5176\u5e94\u7528": 0.291777188329, "\u968f\u673a\u53d8\u91cf\u7684\u671f\u671b\u4e0e\u65b9\u5dee": 1.03448275862, "\u4e0d\u7b49\u5f0f\u7684\u6027\u8d28": 0.132625994695, "\u6b63\u6001\u5206\u5e03": 0.397877984085, "\u67ef\u897f\u4e0d\u7b49\u5f0f": 0.132625994695, "\u53c2\u6570\u548c\u666e\u901a\u65b9\u7a0b\u4e92\u5316": 0.570291777188, "\u72ec\u7acb\u4e8b\u4ef6\u4e0e\u4e58\u6cd5\u516c\u5f0f": 0.132625994695, "\u7ebf\u6027\u89c4\u5212": 2.13527851459, "\u5bf9\u6570\u4e0e\u5bf9\u6570\u51fd\u6570": 0.517241379311, "\u5e73\u9762\u5411\u91cf\u57fa\u672c\u5b9a\u7406": 0.251989389921, "\u7a7a\u95f4\u51e0\u4f55\u4f53\u7684\u8868\u9762\u79ef\u4e0e\u4f53\u79ef": 1.11405835544, "\u76f4\u7ebf\u7684\u503e\u659c\u89d2\u4e0e\u659c\u7387": 0.0663129973475, "\u6052\u7b49\u53d8\u6362\u7efc\u5408": 1.37931034483, "\u7a7a\u95f4\u51e0\u4f55\u4f53\u7684\u4e09\u89c6\u56fe\u4e0e\u76f4\u89c2\u56fe": 1.57824933687, "\u4e58\u6cd5\u8ba1\u6570\u539f\u7406": 0.026525198939, "\u70b9\u7ebf\u9762\u7684\u4f4d\u7f6e\u5173\u7cfb": 0.636604774536, "\u5408\u60c5\u63a8\u7406\u4e0e\u6f14\u7ece\u63a8\u7406": 0.623342175067, "\u76f4\u7ebf\u7efc\u5408": 0.145888594164, "\u66f2\u7ebf\u53c2\u6570\u65b9\u7a0b": 1.51193633952, "\u5e73\u9762\u5411\u91cf\u7684\u6982\u5ff5": 0.198938992042, "\u53cd\u51fd\u6570": 0.212201591512, "\u6837\u672c\u7684\u6570\u636e\u7279\u5f81": 0.238726790451, "\u7edd\u5bf9\u503c\u4e0d\u7b49\u5f0f": 3.11671087533, "\u7a7a\u95f4\u7684\u89d2": 1.20689655172, "\u6570\u5217\u7684\u9012\u63a8\u5173\u7cfb": 0.371352785146, "\u6570\u91cf\u79ef\u7684\u5b9a\u4e49": 0.132625994695, "\u51e0\u4f55\u6982\u578b": 0.384615384615, "\u4e09\u89d2\u51fd\u6570\u5e94\u7528": 0.225464190982, "\u5bfc\u6570\u7684\u7efc\u5408\u8fd0\u7528": 3.23607427056, "\u51fd\u6570\u7684\u5947\u5076\u6027": 0.411140583555, "\u968f\u673a\u53d8\u91cf\u7684\u5206\u5e03\u5217": 1.27320954907, "\u89e3\u6790\u5f0f": 0.053050397878, "\u6846\u56fe": 0.0663129973475, "\u89e3\u4e09\u89d2\u5f62": 0.225464190982, "\u6761\u4ef6\u6982\u7387": 0.053050397878, "\u5706\u9525\u66f2\u7ebf": 0.0663129973475, "\u5e73\u9762\u5411\u91cf\u5750\u6807\u8fd0\u7b97": 0.649867374005, "\u7b49\u6bd4\u6570\u5217": 1.76392572944, "\u51fd\u6570": 0.0663129973475, "\u4e0d\u7b49\u5f0f\u8bc1\u660e": 0.557029177719, "\u77e9\u9635": 0.702917771884, "\u76f4\u7ebf\u4e0e\u5706\u7684\u4f4d\u7f6e\u5173\u7cfb": 0.371352785146, "\u500d\u89d2\u516c\u5f0f": 0.198938992042, "\u5229\u7528\u76f4\u7ebf\u65b9\u5411\u5411\u91cf\u4e0e\u5e73\u9762\u6cd5\u5411\u91cf\u89e3\u51b3\u8ba1\u7b97\u95ee\u9898": 0.862068965518, "\u89e3\u659c\u4e09\u89d2\u5f62": 2.08222811671, "\u4e00\u6b21\u51fd\u6570\u4e0e\u4e8c\u6b21\u51fd\u6570": 0.225464190982, "\u4e09\u89d2\u51fd\u6570\u7efc\u5408": 1.07427055703, "\u4e24\u89d2\u548c\u4e0e\u5dee\u7684\u4e09\u89d2\u51fd\u6570": 0.079575596817, "\u8ddd\u79bb": 0.278514588859, "\u53d8\u91cf\u76f8\u5173": 0.358090185677, "\u547d\u9898\u53ca\u5176\u5173\u7cfb": 0.875331564987, "\u5e73\u9762\u5411\u91cf\u7684\u51e0\u4f55\u5e94\u7528": 0.26525198939, "\u51fd\u6570\u7efc\u5408": 2.01591511936, "\u8bf1\u5bfc\u516c\u5f0f": 0.212201591512, "\u6781\u5750\u6807": 0.318302387268,